Temp,Humi,Wind,AQI
39.437352371194805,82.44233987976875,3.344040466911904,156.8425833416539
33.1794991403074,69.52911578704747,19.32898451623409,93.37204473191252
32.47904962599104,70.63191484710971,2.3937081043295683,172.77697493899336
34.21602818433458,87.74120674421906,7.762548631380488,148.14441047452772
41.48004796168581,81.84744514897935,14.519822123169954,122.40062955386176
21.50426555083311,59.055577199123704,0.20000880654306608,151.40850468203703
24.30806827739344,69.37601770267536,2.5399828980121164,151.99618786075052
22.524553772077663,76.98732736204224,10.932228590523776,131.252421772584
25.706144794697845,53.701620857300284,18.665449840001983,77.41594006938975
24.559572813741468,47.55004799412845,14.788252158694794,111.75438915139856
25.613700314214796,85.46561548597438,12.391973922388914,119.05147886126285
41.06331158401197,74.08680612243238,0.8872974740726391,176.46473074580604
33.88231585697534,60.98096903324047,10.457069293735726,144.3934238327435
28.8597441899286,64.49590250185764,19.12221294274498,112.35284955162224
28.179238549409412,36.81624452951168,5.8832086714053355,128.7088510846028
23.89827092963656,40.84160851264396,18.43547284818036,73.49012331473205
42.832898167443936,61.473184377096416,9.603996222216413,171.85380766823866
26.07059667539537,72.34892543757272,16.12717207663614,110.75967712088232
42.435765193365995,73.34511464847469,1.097076380353803,164.58030124567057
43.052354773040925,73.8018901596773,15.958821540186205,155.22824492552323
35.589280332249395,77.58080918538803,13.226598191618468,128.49876608964337
36.8846379924335,39.57618448158588,16.69540079564291,115.68307359793826
37.38889470642305,89.40087881200171,10.005030615948504,162.76269756500062
34.9485934085879,47.181754468335896,10.287569954741013,154.03447695295276
24.18335144139739,33.44640307062478,19.06015421712304,86.18624023142567
34.751639811842296,42.2822800270061,19.759182321253647,120.22573265992365
41.72093072777635,47.2058472941892,1.9186359294360256,189.68595366724463
35.22325822677354,86.76925083979773,3.934679228973079,144.64247876662785
37.40671513676417,52.96547580443064,2.786104530793867,157.45511668114676
40.051257087371425,52.44694723415314,11.06488811599622,151.9078498267542
42.97657233241774,63.16386160933996,1.1433879160370997,192.52298091672415
27.64549342588765,57.895773196652655,1.2380844356609777,131.57673354479238
23.41058055820639,62.08105304261426,7.005384705637267,129.805006999501
23.248948191983686,46.11440396790477,5.942804356569608,127.66948331425854
32.0386134387372,86.77902496198975,10.916727380890016,125.32704473480436
40.61495580447128,45.101933163967516,5.589259080853147,154.4621343663831
44.336999781893354,59.42189365268071,9.199709118871342,143.0748722071727
28.57790492587794,71.56772252217681,8.191483385698204,145.58135969466127
44.207642400246556,45.40468423694081,17.255220426800673,117.6496235200911
26.332513385982235,87.56612994698406,8.327426060868126,118.6827485893601
28.534857260038805,45.72759255783449,19.540664832067446,109.44772002387528
33.96267525165137,70.86725197806211,1.219991271952674,165.26537668744473
39.72162681023629,47.40106015963515,15.336913109732482,121.43251429127514
38.68109620890198,83.8356516467917,10.833795091368312,150.86080714369902
23.322968978072275,45.217754772919406,5.313699263869458,133.7048401645362
41.79655774321699,63.42509043908483,14.800752528610204,142.19085790060336
44.49283429914907,50.750649526071896,7.0707309882349385,151.7734756335933
43.76014306154655,69.05945190705752,7.862477194698623,149.93285453899725
35.67168262918443,66.42887613763278,17.195763525295565,105.75607468248216
27.601903870986266,82.5205908120966,0.2482389387925199,158.45909092559498
37.64349459905502,79.5096339744089,10.764542925493714,156.9933604216289
36.97959134074751,59.46004017315178,7.1484829347400725,138.5137338772748
29.116791443596274,57.537060213757414,19.516122299692192,82.68521598811597
25.84316702562167,83.71204803957082,12.581774491898411,120.9410105755481
42.89341193979685,51.907781815397996,1.5402639292907883,188.16603209172132
35.05304680413283,87.54976055837668,13.867507470547961,129.50357119662178
36.06831241160064,56.960211197016605,8.777430060468332,153.80433464179626
39.74313479741221,87.81354134137652,19.212894908887378,104.84758486816229
37.08461785031401,40.20492277887067,2.028375121076913,161.08411033739728
39.31996669059862,41.49899265191569,9.55574163751584,165.97270846864973
41.49701248016488,49.20004718856491,16.409525289626746,122.76544909144951
21.732201558917097,67.22177134729647,0.6042252400156034,156.6517273977874
39.7713723177766,35.66942493119786,14.321792409625289,119.57736740667735
20.494891923868707,54.52892330388933,16.14379232893078,75.55840686094507
40.44592622831803,61.527039994909686,2.0582330412397543,171.7171533329168
26.59733654035316,73.51669211537565,0.6223491282070137,163.32762569608528
42.09470722398399,86.85356307862037,11.973985460445842,164.26745806663047
30.389943867155694,81.496963926463,10.887273724580652,137.11806656056945
38.3349071254524,33.07048486100861,16.81585818541379,132.22223969466341
25.219322181369854,48.01083257724524,7.952513934543736,141.5811025591085
28.10845637737897,73.81048269020641,0.8118869836113318,150.78125180392394
26.567720966744076,35.227507858694736,15.224871554824574,106.46082726901443
43.62062819663234,84.80902204639443,16.186024062041973,156.68318420713877
37.01007583383273,39.99847280946016,0.6947981553509286,185.93575720161266
34.146748180014214,76.2203790611461,1.439807317443631,159.97407440769754
30.17973911010856,54.86534479356228,10.88916499783684,139.6919832267066
23.755855326966014,45.38038281702197,4.785593826226657,135.15492917525205
34.40576578958453,73.2240287691946,3.3504337301427722,168.76023038874075
31.49181019635308,63.48085481497959,14.62375046665394,108.11236899274432
26.741710034873652,55.22274876566024,4.279185651194435,128.64586311616398
41.02757908039615,48.137501667287395,9.121962392385502,154.6892709836358
29.067678633271534,65.32729453877252,12.12890977181685,108.7486279510925
28.28362297351233,84.52208666092035,3.7990255890591706,154.17016917984716
31.9677176822178,49.735596222589365,16.235288150202077,96.22957091382936
21.219750832094515,41.540466914207585,8.554200644088244,132.7768997319243
32.13159794058777,32.09214414631211,13.739234471392425,110.04549246699825
38.58742082293078,86.52221833711553,12.69278606995991,155.09648343598184
20.199980413696103,31.332917620114348,17.486169264582486,74.94145303364473
34.503055843717185,55.35976762395586,6.155002088931257,147.5411054206406
44.686443316683686,44.19998932168084,19.39038757073248,149.20172392116996
35.94151472647745,64.85115736909162,6.2648138884477085,163.08858778761177
34.13050983271544,59.15245497033254,3.9657173315382854,163.363867670816
31.837269014989296,55.80049020000291,13.692265977221659,128.5977400983136
38.46690765582606,30.66591219408416,9.920585380988374,164.172059168687
31.900704533717082,81.30468692972525,2.9479775463050872,146.95747642851893
28.398541012933237,60.426123518732815,19.0752691803991,101.57127448466917
36.64176986567569,65.47396040962442,1.3878818741507981,186.11989410889896
24.52985323008428,61.48675938054143,3.919919583528453,139.29994770958322
36.74013552281876,76.68613559175913,9.106791666278959,158.15989604680064
36.83277714775059,39.735101560291,6.983765696125756,149.71425720712392
27.273384063410656,35.752107811640386,7.930075953551756,121.75654026616604
20.402883344357363,33.63692717705711,13.434165841955693,105.50326916284764
23.72780405573728,49.01065755492397,8.637308865178237,117.54368151593985
43.2242192206794,34.79182664607771,12.649210607508188,150.50080661883425
21.030881116881872,50.21982570125604,9.058245521846223,111.88702566822508
33.214589009336116,55.68784125528708,18.44979235285449,130.07980096010877
40.14296233094112,74.24672680806037,14.954400678887863,121.42272262521865
34.793399015382406,76.32633214053354,1.73327846008404,183.3869626505127
35.17875328143236,67.91286698328972,9.043442282196272,132.2271797162759
34.194832337246666,67.28240400522142,16.896147552375474,102.70122201736692
30.034840271966317,65.87013699600807,9.94480116967295,146.2352770349138
25.478968700710602,36.765796996398585,3.7094770762163054,144.82950617277228
37.253840736993254,69.67204991736324,1.5632541209737738,182.81791911106518
39.75199875511788,48.05802946818603,4.506122912763191,148.98562877194618
42.21825128170178,52.82351523160365,8.826484580693466,165.95704882132316
33.997434015494356,83.108829982794,19.365583856272323,104.89811646217173
28.5906907770381,74.24387734781087,6.71548615087564,132.0349231014493
37.86139228273203,81.99902780827807,8.043533303682722,135.5921846544159
26.14038737605685,30.763629319362977,10.617946019029837,115.42693669502418
26.90259704232135,48.93302730641862,4.9765026246495125,130.87568621069414
42.31987002094847,62.93169636974973,2.696657291381863,176.54976816775135
33.58051343228494,47.02523183989571,19.760330809594016,95.88003443578782
42.16440475877347,60.72435119975077,2.182647901979984,182.780865811607
35.234002042212545,88.70431669683234,13.732799224407042,111.269606411204
21.989302518657585,35.78653436193243,11.025866204319641,91.90100642435624
27.79951600106911,31.871778255079203,10.146977345058373,136.1580999669631
44.74972526433861,46.871945148354726,18.903531317219752,128.78885657701795
27.742017628852203,87.1840093280097,17.60297251157748,119.67511772297198
39.640725697243724,35.8198904924721,19.292592575948035,134.40367366664333
42.31676531802083,31.617266188648045,4.340285644399369,189.61267370284355
34.249975750715635,67.8539485311625,5.0580885275291765,152.32568591884373
28.671297658748692,75.44913571415509,11.310932054855643,129.40979915293047
35.40292303525116,42.78774269154948,9.992046506735708,120.82970655029521
20.163336630195715,45.80815577648784,5.46525697253511,113.9309023427861
37.18081222129206,74.78492693141206,6.081921868578712,170.11585883684796
26.168335143302706,72.05800722125946,18.764341924977817,102.04364451167194
21.831415819516575,84.49063381595559,19.322145954366714,66.69639377593302
40.76786937167745,76.1900430596907,3.9703310071341757,153.62474572195237
29.170423821304198,33.196152337895604,12.481177692304865,128.89731456569382
30.942979212018223,63.986796502924236,9.736829120626995,120.67547106215548
22.600641448342298,40.87981641152244,15.66410580437082,102.20896548357214
40.73473315102426,43.629905257901896,12.748576383807926,141.22373715062474
25.60242910287819,30.70549361069632,11.335953844938516,107.19699667094083
26.21285548029774,86.91729789796233,6.650405621127609,146.47449409721267
35.8512058212623,37.869282255958595,3.0223439469614366,181.63537980164028
41.603246810009196,72.57951731914373,9.107620695044393,143.8836315348852
24.291467893650704,57.8017460966348,16.702463458483226,85.47554541185173
31.861917406014513,88.52211969911538,0.5892685161126554,174.95602926369105
40.88903736071615,53.54762868464933,8.402372154523292,141.5709582578624
36.89096155388974,34.97324249169672,9.910157914709414,149.05144936365124
25.243997989945335,67.9917333609518,6.624963885984771,136.61310432193636
21.07397483747497,31.07487240580902,2.720304429047553,132.98703638780728
36.26415222209947,78.66355836637013,9.443296373912784,133.1984153224606
40.93926575395086,60.97919888246292,18.75078349582086,144.62618102043916
29.86580921192185,50.72834714242029,11.731514855227857,113.53707385816014
27.043269050442294,70.25288343147298,10.21566806232181,107.43953391391915
42.17242962934187,69.22929033381267,14.161341553248741,144.86083459893752
21.548890337280067,43.35406158313075,1.2033581415476369,157.48770624991724
20.92259820961843,62.573711655389886,12.135466725011606,106.43879624420204
32.28108032611016,71.0222181835606,12.589766876772813,141.79286002190187
38.87370150046072,79.52533482598987,3.450077240751037,158.39717127866834
28.633672161747334,35.641323063318794,16.638174395763585,123.35282113620393
39.16686699963035,61.25232012134044,17.180797324595247,118.79134202547495
39.88670312064283,67.8457105555566,12.058812282985622,146.5969693923288
43.24210438601088,77.20699052534688,1.4577989936248792,167.1108117911471
27.884717707575817,82.29274492748522,18.922013971351394,115.00339350109745
34.449109812799925,34.19445187947583,11.57694399211874,139.1673876492436
38.52996060112113,35.847992037301935,3.6286959656161732,166.17383330539374
27.29828327949386,82.5983215585996,18.738820944174584,113.38010372646397
31.667134789191053,32.41843835074884,7.784256593917882,123.98149979662847
20.536153350356244,38.797371044368525,17.111121045615892,93.73894356386481
26.708981181003796,60.91361650931817,12.672614222608738,119.40011969418137
25.90838489774273,65.21138599420674,6.65095521306897,124.86390415627855
29.029291653916726,58.38973425832795,12.347285881906654,130.01672566211352
36.57206087563904,65.23574021385187,7.408749553205178,169.91787309166256
25.58407018512982,62.36683704234728,16.689767784238917,117.09883701754288
44.221865503334676,55.06120482597028,3.990651009769146,188.4717779773619
29.76497017588119,61.466670786285405,6.154644000887948,127.06600834909852
34.637731436642945,87.1766462820537,15.683046156925469,117.2263244025095
34.09500310902781,45.88861052376308,7.1413032878735105,133.76609635443506
24.775468909050552,70.77556381034384,6.749804520195832,139.3015242575136
24.64313998022743,83.59816619712176,8.31002677715617,106.35619962898636
23.466846767594276,62.021650679457885,9.4368626160418,126.62310568706314
25.242082934332117,46.27372238738158,9.917760657603283,138.7308838958544
27.37922649852747,78.36484889270677,15.967995460635919,98.85446661514719
40.30424783853218,49.5432284537152,17.994358204039422,135.6254210649461
40.0961239181221,81.15198185692122,18.229101375295983,109.50494371035626
31.323419971267285,52.63232523976576,10.75327110786536,138.38702661893848
43.27274173394328,62.13958651006638,7.954258232325189,176.68270877091098
22.272349723068295,43.29227622056881,0.6275747253960007,150.66197526994858
30.106659631855898,64.44455552186167,18.3651434406502,108.11788894176121
30.461025976594755,56.242162220329774,3.760564081596831,152.64035970839902
24.971431116239117,67.8071190784134,19.794725207229376,93.5586866107901
39.810899760129686,69.30270156848485,14.232638866016842,138.92388292220886
33.823860041507714,53.89703383252781,10.575021328117773,139.92265609866212
20.94412557399357,59.98060404991566,11.747634899661453,96.64534644900279
38.09256857211493,42.95219925101331,19.04991901002975,119.03538011414061
33.28232358975551,65.52284356395867,4.338114414717236,172.5503039353593
37.5047808354324,64.42573053743408,5.9469556985755245,158.16869457513823
20.541747039997055,39.505264665298625,7.86104037498828,101.50037295502929
29.90917455679866,79.24140361425285,12.809808379849581,128.38892397404857
36.74950313815151,52.00393600538045,0.3957200276656647,165.31184619330602
37.95474585741849,47.33838003938592,13.554020427858282,118.24743043126213
21.140612406434656,45.03516379849579,16.59218688343991,101.50466416254957
41.68539981748839,55.1958530858375,2.9520178734839098,188.51474601452506
35.7199265333932,65.64356597591029,8.34585979129271,138.40227369290824
41.27898094612449,52.782249539397085,0.5653967058670561,198.86177177464782
33.661723830918056,73.95957278807143,6.323431759285607,137.35315238397928
41.61995087157725,71.25318197914183,4.95817261989224,180.3653838834778
27.85266733435258,62.20416784142214,5.048383314871339,134.56018472409116
31.05023853576592,60.39694049837411,12.801965575143184,141.69458034610227
31.415652716496773,65.83271562721882,0.17304613384569123,151.31216703145645
42.245397402561075,58.48522602331252,18.118889200466718,127.13412720372202
43.75090291647477,53.659419089935085,16.11510895120364,143.1564789793386
34.74774336285193,50.48261108147108,18.374600379597425,124.3716855869116
42.92055684454696,35.87066808906744,14.80026111820608,150.44033033447568
26.385890488694738,53.37917727899769,3.0891785384829107,153.50424536194075
39.09801060725033,75.06739925913352,11.829501072960957,134.7075179956178
24.777908292431746,49.383334374011476,19.31024342422141,98.62508631219926
34.89520282482547,42.02019717126463,16.088713178947316,137.52426611280902
31.25742833327304,83.46921594010811,15.698144041477684,108.42042454211303
22.453831615699762,87.4509871870874,16.012562595735588,83.86997544419275
28.889709663827528,67.73990068266153,3.5235820562629527,132.2086731588662
33.02923033774507,79.44559797438143,11.620210644690115,129.1978287414198
37.274214803344655,40.11055923490934,0.9159674759523129,161.80052717883237
36.10469140576764,84.24910536593788,10.055409526634282,144.04315423163243
25.609524002114675,40.814185602777506,12.460100909911452,99.83874527449501
36.67330101335311,72.37917025205901,7.235002461426527,149.64159464242664
43.06969646902644,78.39316296689599,15.731186175299001,156.94583441215588
37.53740010501049,36.551155704645126,2.568336752017355,160.3697899539689
35.67344162248695,58.606344338321136,12.170229850033394,130.8361936948737
41.65487601811942,63.4037549557023,17.597647304162997,117.51681012374982
37.84341948406611,44.83808021542458,3.970362834264385,144.7757504653391
44.40115012895319,85.6118219607882,16.661385885079444,147.81814260266805
20.998493905073598,67.75090701769415,16.24441460469421,85.26374399606458
34.84152666609273,67.38805519737892,15.234340027690067,142.98003324911525
22.834097116057777,44.35530920544283,16.91918694721394,78.91063339047373
31.926568613005173,89.49613463081943,12.00868004363079,124.82709709511798
23.975464105143686,59.53304990536693,1.6129702719424421,151.11201739446005
20.83088138316985,36.59562063900433,8.613470700123846,107.82135066596817
31.752000833623818,47.183146589150695,9.895134695572821,128.81859758052917
34.72185391123552,65.3243935342538,19.628107946740755,90.55938398224876
34.64240967793795,66.70481008339482,14.876414137907862,104.65557694215231
39.11343565463308,57.4141981018611,1.3842447575707029,172.07413703655405
39.55337500212616,41.461460611013955,10.398535369406638,164.9111438960324
42.43702100210035,65.40771489858767,9.869733762899422,164.26484071550243
26.717936571246923,73.81831097002257,12.800167908211064,119.03536941786066
42.9222356142481,52.578997568347035,0.031139634752321843,170.75105232423925
28.95249752557077,59.896868431789564,5.481108365398775,126.46166995494522
27.34340453128965,53.36525292366904,6.906342067861242,146.96778285899558
32.69305002593508,68.86472956232356,7.009554937911551,151.3574352381355
35.05328081656037,61.848341251518875,3.4623245884102283,170.71958786789006
42.93618120460793,51.83646105567974,17.33833203508058,147.85736630397412
30.30514402568985,51.83782715318513,11.66095397060544,142.6274261395634
21.95389843594356,43.62631624812367,1.1735907721624605,128.38702455539973
31.375802934147284,83.26309684747446,0.9507636961073906,166.8993147799724
31.76239804324323,43.04720231766947,11.510945185649732,120.99196052953727
43.13773891252058,66.9843942201189,0.8645598259309173,170.6817983472484
36.81873395089981,86.79611617251481,19.397970840016278,120.4435553817508
21.74392755200542,54.21118894837045,3.52837318247204,144.9027355565947
34.94666215035345,37.34321315502579,8.502633401782951,156.38542409535805
24.895974612807795,61.08508902431875,6.795440141184543,147.40562880206195
29.089146262009773,42.901151742125,11.931900590072598,130.38259075380176
35.8745406957691,57.42147444715103,15.2722114892232,144.9324469238686
35.01960424417376,68.44794727667991,5.917868407072908,169.2856032671288
42.30773068880566,46.4071084169492,11.611061549948197,144.78227672776674
35.700901934092016,46.446665583033166,0.601153864538646,184.5983422745681
38.20805277251007,55.25344020354359,0.03530976473576031,177.31017625081287
22.022282038981327,56.34435574027806,14.210710503967345,101.41243256606063
41.29921372436464,34.80496632423639,15.12545994485657,121.22204761415958
30.58925859330368,57.40155914460819,12.738758906118129,131.962240468253
36.413528409550565,43.35042552282832,8.337301648903562,154.81515187239046
27.072832214887264,39.50169767246528,19.112926842466447,110.80688390237518
27.039031429478698,83.51357600265253,15.264320079649467,126.28510262000898
25.334245628142654,60.55053418400304,14.13457021375735,123.26478061501325
33.601764555286465,67.33990118824829,11.488582484386058,116.73778165741476
27.75085123290461,85.3693953514032,15.105286163273625,123.18584397598835
28.976102983744408,67.65066235327535,13.07118955840153,107.73863729228424
36.66942356366305,71.79020214015134,18.068997258071786,134.13185535311078
39.236995970925555,80.24609564032332,2.336374951578899,173.46486708711444
40.06650261397963,83.7866908412806,10.873099932696956,163.51370542986837
44.041037170698004,59.161585189772424,1.4078902779850622,165.8584035074408
42.06446501563982,64.32189203007721,4.757197411720949,165.8573377961168
24.029936324517024,79.12367039803259,9.031189828990282,112.9663031620632
25.884870228066546,70.95680845325924,0.21725293374413424,156.1179816549007
33.27872266824195,62.91361795958012,0.15288412070506574,154.0987929743687
36.98108605117509,39.56228831881734,1.5991603259912024,182.16469112437656
31.669076507939828,58.03626653804522,6.983912544310136,132.38641538294922
34.14050723541701,49.5862985946594,4.669548290990974,172.2723695978611
38.20624688121373,31.605216119515585,16.236520269039886,124.7029329553078
25.312407346252144,32.681381534736445,16.44269166857996,95.2967396867644
38.977288306190246,61.64959140960448,15.39369772006404,149.77348345218837
31.123058366465358,33.88086577042778,9.958242796569666,130.37138834322172
32.27863193683136,37.24254497103832,8.051856446720148,152.40169453350228
41.85340535594298,55.5315268236173,2.197295200577163,172.11492511015447
35.04121982349421,63.465362460573715,8.252630835609464,164.32454714016
39.31611887540414,83.0545924162011,15.68870151392952,146.5661332090197
38.90022705988997,41.683404004979295,4.118104577630701,174.44614038688783
26.73206530508931,83.72405431444895,15.039765450426707,113.34483425889849
22.279182015002423,78.62609270588356,16.140995365849815,95.1353779324554
27.380896185117628,46.738816627645804,9.112023452433277,146.4257220129354
32.323174977264216,60.21939037548532,10.503277401758535,136.13651774925282
41.67977578737237,76.21649817127174,8.473005992390586,141.94053359757297
33.26453383418995,64.07994006818642,12.975921153227148,120.60130420869845
29.577215372983268,71.199538277615,0.8368757892553713,146.6438033782004
28.01868470118872,67.6922513425624,3.5856058808215185,141.28055175991287
24.204319899075763,32.34430211350664,17.75443657414457,78.1453300757178
35.020278235687655,53.94664946882587,15.008271435138392,143.01574216596015
35.911781700067515,33.01481161264368,7.096324544421824,133.53458976686954
44.04855063805806,36.71680564783241,13.099537076314505,161.7984900471726
33.926083999682795,30.689907460774137,5.952870110659756,132.9935576673863
25.464762547088704,55.037651928817915,3.034258487403161,124.82674963196791
28.987685436344595,35.43802996222251,6.459676415565207,127.59634162599355
29.990195933816565,74.22054281016068,14.21747578964634,131.32796449869412
25.561789386639447,30.945546994487493,13.457629704596815,106.75068965948844
21.33961291294964,69.62737049460068,19.60682941036313,72.85873759480988
36.86054500810776,71.01472537581373,18.531701666621853,121.12598501634997
29.288464914534337,79.57480437356777,13.817053879219465,128.12576819141026
30.19268469423605,68.32772464730579,19.985447803713313,92.42902597733216
39.74701146338505,69.53668396641713,12.204197872530822,126.88142930917763
38.28039229405659,37.779081984974944,8.50265811044044,136.05281025679184
26.05495550122062,74.96450805358788,8.58955391935125,129.34124924438748
27.27032533019803,36.610936685985926,18.67728716737568,90.50878915826902
31.790187201356282,37.677265144187444,19.602905016635436,113.77165935280624
21.551525935041546,61.505862711620495,7.121352343682705,108.73899483903499
24.329160302261474,74.23769041153231,11.758825826940367,102.38184312370184
21.295167744987882,31.50858202139799,6.041970161868289,106.4644250043709
35.80576568888401,79.40807505424019,8.980731818040733,139.6693359236458
30.575431311700026,85.8083528157519,11.043630948042537,134.01996977927246
22.887022549779466,74.80206825740652,4.495199806888868,133.28844567889232
24.16206430931402,51.69800218344879,6.089895315888096,110.05444267096374
32.853901092579704,49.60155259674621,19.652399122454835,94.75060481779491
26.249816091697973,39.93562810210627,5.344397085559445,123.46644092671761
20.115549542823544,70.14081989259344,12.049055452248824,89.0839327289006
29.252792944481175,57.73618030598854,2.7778420106927504,142.1720598568841
23.908287658988446,34.12172803260857,0.4269387203752739,131.53575915685107
27.55102299470425,66.10521009715052,1.0825819709826279,170.85430007646062
33.67704426707925,88.99029547446355,17.78246066276514,97.0067065458631
43.66991463032767,77.33881856324632,10.10427887166273,166.02699264566715
43.339299547881595,45.50588701356621,4.51017024612113,188.14808835739979
44.569513569770834,55.68258723260143,3.764542006482996,185.84540112009267
31.716439292447518,64.28308363979627,7.356160299110657,130.36439768756307
39.860871743097526,70.574332744637,9.998752545545887,146.7254858495574
43.00951084975227,83.67925299828724,10.29963480100848,169.12011729647912
44.70000382177701,42.22001387920874,5.879221491230404,170.76234316986282
38.73305944226911,30.1556379279518,18.071608981067442,103.2512919413359
21.301541690712497,82.4001333634007,14.464076587649295,103.2108536184771
40.00313658871933,60.625298359989046,9.388056191962129,160.84210460155228
35.86493958738361,40.14812636281981,3.001560941479211,147.7251963503296
35.440205647259965,37.37929872677347,2.089206738456486,153.6127910791505
32.72619857823332,34.321051886162124,0.6687933963462012,170.44601696742805
38.97430570326358,77.74327084899735,19.14525924821779,133.5128336618738
28.272248295340056,36.05187726352743,19.29303515672419,88.66539112050755
32.13025873969916,56.325878077982196,14.38385280125524,109.1089590756326
42.69200828636131,80.23628207303236,7.944671649650674,147.55000162377058
41.994154556795536,84.75530401407656,1.0260682711724023,198.91010430007387
27.695903765161997,61.66696670604496,2.7126840297350174,145.25375544111895
39.565473961005736,80.29178388168528,19.08621684429592,128.87229738912373
37.322183067074846,84.38033641972879,10.086610730220002,132.38453394348969
39.88615054971672,64.8894615258966,3.4907497656099573,155.30005180260355
26.254690053096585,85.65289790080824,18.733257576820506,114.30960737573164
29.592225560866602,74.0857437649077,3.435571058804112,132.8777379453209
33.36405932402255,80.03576362115956,18.877429718871277,113.09582949143126
32.97147256416159,56.08356973881653,3.328975971643542,160.95601721339256
28.38921458219839,33.68885538559085,3.5097663388118594,148.2491301479612
41.13838748848593,46.418063792009875,16.117287635319983,150.92491207101193
31.420776480673297,62.2317960054199,9.93936236556911,148.02346586463926
33.913955136872104,33.710126281950714,19.457021319298416,104.45684631584896
40.36704989519303,43.10255916579878,3.8617065321510835,185.1489801939328
28.627136135512657,61.66420016102673,6.932449346250847,131.45692423227277
39.67563083712877,32.30592504127595,9.739714523196412,164.13211810466834
41.78589570834369,52.75750489598663,17.554670194340943,147.90778083366456
30.38864746025123,84.06077472458159,1.0350641485015433,154.67210247499784
41.38538584410469,73.17760445921985,3.384231494398884,166.61807720501272
24.663415996210112,59.44321832660248,6.153688877682512,110.86576535937269
33.149864755893255,84.96672426345691,0.023256439853354127,154.22996019222643
25.660213683719522,61.465609126906216,0.9918291928806511,144.3449397887971
29.81411244034568,33.77539041591821,10.05716974049388,114.45671565920972
43.309940474983996,39.52553407244581,5.466761043678838,185.21959781893145
38.464379846703594,84.33092067557511,10.064401940050193,139.7355538732566
36.32458454288422,33.52357784106513,15.015503629371484,133.602658197654
43.983174502460365,77.49841597930988,13.188741417221895,148.40012475325506
20.150954500785538,54.91418310862248,16.504264583388277,84.78911525140623
44.03881425419049,53.14738231727448,7.748305721901483,144.83271134267653
32.252922319507405,83.84916145226747,12.344623157891741,115.47197516533959
37.344327463669075,85.49006888879808,8.674305807623366,135.66573750446804
21.009328786128446,36.124225953417124,15.164767238278822,102.52435585742043
36.43915633475878,36.081107129263586,14.781508659538353,111.5337866909025
37.15187924192013,48.1697516280691,8.606624381127773,149.48388534045694
42.366642061089195,82.89416992945353,4.519567053430458,165.174582961887
24.628884529321432,80.22452746188586,14.824958741422892,117.78289283437417
23.86957832621544,73.41375116807285,1.5111289068053368,158.20576993201487
29.273478766672213,62.828049869341754,8.842004457740183,125.02094416012386
37.41357105769211,58.004370051085886,19.21652743062675,126.17755982350397
33.821800471834635,63.093760399297615,0.3592948790558448,170.56571630650174
27.093945619720987,59.468546929230016,5.6849244397773635,124.13311792010987
40.041409028061246,64.87740148883499,18.485752656072115,133.62556008790617
38.8659624198648,31.641746059549398,18.789453242086424,120.36356511347033
42.78894385337824,88.69779461975106,1.5901808800111383,186.80734506672306
39.90508568711642,55.53025841969102,18.355476612720466,131.7437415360714
39.313749066131365,30.518123028635156,11.79593645628997,156.23968876339282
43.32156555720517,68.62678769130238,9.497766448924956,145.14983176763545
43.10099960054872,36.626715425134634,12.167414108622587,149.69975687522967
29.596632528264493,50.56137590483283,3.7929398437150352,160.8144455253839
24.299665219215562,74.81454737954053,4.374784500645886,120.47497693649348
23.708431452692867,45.1557604288107,14.247970992709558,105.67294992725705
23.458979235809196,83.58314453123754,18.75322029926478,91.65829757382406
34.7669008072085,55.27978652931895,0.6239867484478978,148.6618413690733
24.502155962603045,46.07243935319086,5.7557877269927165,128.73694874422793
21.000132621574185,55.44563180574008,18.25140543845775,106.24604892777512
28.906760607044504,73.90617625549858,13.51688414289439,113.26286878540583
20.51504242699819,55.28120520832631,3.0286735742586424,131.94406413122044
22.96668206028707,74.0655545815905,12.190941683536579,118.3605390699644
24.30065472382047,78.85186920833223,13.10515951789997,124.28583089394104
36.711322001907945,58.116078347000624,14.476897717425468,145.99195085153949
24.001327700535953,68.56780140651145,11.922324929176362,114.23568061354283
33.54201573647292,71.55106766189819,2.5675788350929962,150.38129496766686
39.22742960770201,45.26993764984505,6.224551442516275,144.78120488785518
26.44551519789897,38.735143294429804,16.364458573747793,98.79765467455456
28.664875561542644,83.34685593412325,10.868572303570074,114.72403421237507
28.669268117883306,51.986918012345896,14.146782703201312,122.89818812616267
38.10975390060544,80.73977015332264,17.359805992413616,123.14008982397003
28.54794247304119,67.54870194412288,9.880002655603503,116.45587697927186
26.73585732900918,68.32020801004107,4.660059573700561,125.49153593691668
21.07984653402206,57.39140732462067,4.4027627296057,117.95140487922703
28.3502241086807,52.17243533453902,17.274871987496844,116.87583225487086
26.434904733918092,54.588896357423074,18.752186967548255,95.61324856519141
23.350706633664633,54.32706019527377,7.963775445347854,121.8100869312857
26.952018584749094,39.729353829254954,0.12225755378426628,133.5372645081454
36.36594638931727,37.821534209910105,13.428117965319178,138.447538882677
39.91682936649107,59.828751441083895,5.329374367783542,158.8455356296315
43.23653421064265,67.89480068789902,9.413039032759782,158.23395132300595
23.819734773021015,39.94723909844801,13.787237970688576,107.2777556339763
37.70795689979367,83.60746349981999,19.912367175220094,112.67881227392706
21.62773528440794,83.01044670517962,0.2121152431931983,136.6191248392363
32.36968299635219,47.925320750178535,7.79893299017925,136.34256702216663
29.223687978175352,57.27434436533763,11.669446401562148,120.43903675166425
44.46746249714252,41.077976976136696,1.2859635608763598,181.07703431165595
42.56678027668676,47.4793654141931,7.759533802781371,180.8549591450294
23.391677226152986,43.65831975523865,7.175018048063341,120.25830030811593
42.273921553604794,34.79930022647074,15.391020746385035,123.37478086805447
29.715828850549638,55.98731410959016,12.63296681968065,130.53275724205733
32.71749979414706,44.660062686144656,4.8224922886210315,146.96752272243103
37.99824089329786,68.01702049425079,0.8366989337651409,168.4863849853003
27.621735877986758,50.864926566612894,7.681877632836591,148.19783885746375
23.993806674456124,32.34920891851693,19.771005372263012,70.6745972321232
42.715610861658156,73.92120309872459,1.168250751916191,191.92646946756773
32.80548558449101,37.76575114806466,6.402613626865616,142.40313028838517
40.67035888094401,78.47854825944057,11.867483800204479,162.73826636127458
43.74914442668373,86.86725846784731,2.6178040918286705,169.64487657788143
41.85226413627105,63.30927099449422,2.9183278207758367,158.9495448102146
41.399708126034334,46.35853476430873,2.3931440951617833,190.61998396658333
40.865120705281,34.44192348379848,0.01647708969473749,189.6808101414778
21.392573217945664,86.52306989726611,13.25134055692124,109.03112476512761
35.29020574926619,76.70978890725198,10.160696139518905,126.09832307997567
36.38840903415655,62.8467309240107,13.748975900264762,131.52989036751882
28.96462987663302,38.01954045046264,8.444443872301333,122.59592813636203
34.71537753827245,53.84225625487795,8.21910178477168,138.77344972222986
42.33903993720446,50.92423516948057,18.79556514983518,109.29138442490338
28.97466190388699,78.16963666668046,15.028108820275783,94.86499734694661
35.124630202466946,65.32988422704423,6.864294407122024,133.65637718356783
25.566533438506468,64.70259414830525,18.51699581166369,76.58207944202186
37.132557366363095,52.558282169200346,9.299100745785776,140.36781249536887
34.602476584922215,76.26186192581562,6.177107122818974,167.6736318013875
28.694408753238037,40.46308285541696,13.577718644503848,119.65566157296453
33.864518457565936,68.4273590136892,4.434765528902986,155.4247403284229
35.284947657338016,56.45009019041727,13.5660866401327,132.87163539427794
39.43964948181683,52.80738055162941,15.718333515623055,148.7242984167645
29.518903317672983,33.24777296711542,2.078436562788941,161.80249694697915
44.13780394897563,81.52811319234691,12.173173262805806,136.75608810953383
25.249547000617525,79.12924857975239,13.150596494022256,109.04730451916828
25.82653497944487,58.50308606908912,2.3259977126077547,149.67507682106648
37.553454654760344,81.96914747993974,6.00708116816616,164.08566580502222
32.57620884242785,36.82208443194089,9.392474713444072,140.9749935445235
37.96260044286163,56.85626631834025,12.616374433606465,120.07607758490386
26.983772080853754,71.06446972600298,7.2084717081115475,123.34212903737287
28.72561604615325,69.72136487068283,0.19672341191787623,147.86106185655288
44.31528858280947,45.37401168912906,18.756863163239185,130.35998767590138
38.59830274526426,88.28525974086298,12.71773344070221,150.04340516842188
21.69402749182408,50.31796722764162,1.1359269240219128,140.9802742115824
28.019378478022375,71.32299543106804,3.2806685199420804,148.1967513962185
42.327760426301175,36.092765598657145,17.670318172497925,129.6445663351086
24.268963906199282,64.41186276237501,18.34303860038798,97.50881201123461
28.550810382114754,47.02973190311499,16.01339472062566,95.06143660235252
27.62576508699442,44.431939867511254,3.7571527536501503,152.9800719130384
44.49897067668079,45.03180621862125,11.975984485704526,136.069987896248
21.205371160499148,68.86025587265533,7.875053564723249,123.78558162682853
41.97419269027155,75.49940108760224,11.137439884026305,147.5360657284642
29.020455184029615,36.988887627936144,4.757977269793621,127.76697855867837
25.872911225179642,74.01913043930617,3.408566413127656,138.52012321097632
34.85127569817255,88.51009416061498,5.6223205168713175,146.83558984573114
30.490178919519117,49.52106229442115,1.6111474724406194,162.14691542171636
37.42377857430908,35.36535761390377,2.599982943928778,152.04760831683183
23.98503308174825,79.8690613482907,13.512711247880539,111.43193241985486
44.39656404872659,85.59615051702369,1.689276526161041,199.72529851897005
43.21168111187427,43.694275927047386,10.539763758427084,144.80407094846728
30.917340620025776,32.64588306434989,18.94330887847836,95.0047546046165
40.834138671070114,56.28342410471241,11.024117683319353,151.5959242921822
34.935199660157934,88.60285765245725,5.723420501846583,133.70013781477613
27.91538930673606,52.24406193198517,6.249931358093923,133.08098453919035
27.277889995903575,87.82275619216006,12.456614248141237,113.18593724738344
30.7383382073524,54.95992462601915,3.2872666100167147,134.61487658465467
24.554537987240288,39.83604029170751,4.8473929795739545,134.5668970357587
41.53398752931042,33.78125752014416,17.297688609910963,136.17490922888794
33.318093763249195,42.30872874423352,13.342405771370686,110.60897021238634
26.41016984205256,41.05726875699972,0.308315749898338,149.89539243441013
33.98836115482905,54.64946810604792,14.142328101603766,113.5497380048468
20.102680989615386,73.9168998562181,3.038159293894578,118.09088409754702
43.201761932307065,72.28444789729735,12.193685082594786,152.82246861682978
20.116912690313548,66.87034781937949,3.547911077908388,113.59009214690192
37.591468325334375,59.64821033120307,8.830786973812124,148.69057572923236
33.28751156007608,62.00436855040667,4.414228244168266,155.33233838764735
28.365425972136926,55.71615838617582,14.605255604740133,115.91508513005347
21.486774875142082,80.45619954794856,12.914734939548795,103.2293449316378
24.009157131068406,39.90781621196338,10.851279959112595,105.46447438479902
29.89107213794822,36.33519492817124,3.509553816438369,131.25348282658132
37.39271423256072,47.45375406345674,11.147321964541419,133.34346257149718
25.756694988131688,37.761260455793135,13.051430712184292,115.3590978397105
34.56032708394873,70.03223124070195,3.425973529958659,162.84273357802147
21.059917212552246,68.71226308239041,14.352252565455931,81.0630767287367
27.126572960063076,67.48557452746786,3.9384908953295383,145.43767323413752
22.51508306828801,38.54822401630395,2.0693622325337913,147.82207943897464
28.066248524255926,77.47200036495968,13.540758113122163,102.51022270914537
28.436708507060548,78.81531062709713,3.1458348621393695,139.435912427703
25.79998194316787,72.39005520045961,9.53135498914346,141.00589891890536
43.0020905043342,45.283236676342796,12.071479877029326,131.78974137758044
43.81145051150529,73.5189039625862,16.185907987633424,152.0651770601103
29.320217939087385,87.69505637527124,3.5630432799623324,134.95130603828778
28.2938309178623,34.01893185502307,15.783223769751986,108.23799052646862
32.423577553506405,83.13534592571807,1.4219257607074387,144.5813778248905
20.23001875513928,31.219079279170714,0.9890324404965445,155.49294018878894
31.962495454827064,35.728904319799994,9.529185715833863,151.33743376215253
36.03996012609559,47.81381580452527,11.033775866964863,130.9785926512966
37.941804909109806,37.72681891556532,15.478214225375893,132.44896714209193
41.44472923381662,47.37933820806358,1.7402126837710075,173.66882041632022
44.71330243597575,58.6736363053606,13.072681629926553,153.20855998217183
40.4418882531254,65.64318494302464,8.594011096122046,173.10174321788466
41.553890816619635,35.09423023152033,17.877042626666427,142.47665375324
34.20527761446634,54.59826419897733,17.367534242842645,105.30795250040475
20.49480002880499,41.27812462385289,17.671887605862565,68.97393724002228
36.699181617172215,56.61384896887148,19.8174937284302,116.94588204905384
39.41826357073292,84.29965389259672,11.831952441807376,129.34066981604371
40.0582225099342,71.07638672524742,16.926976993011902,137.3355140408327
27.454564480408504,36.41278835501925,15.08569249247506,105.65205148339183
26.201153737450703,77.35172031407853,2.6967872976194074,138.3119455820432
38.02765589022457,62.71788287647022,11.220849724630536,161.39276260655754
38.094824101295536,77.68487504947905,2.7218165072389744,166.02419868087412
42.12407502514745,62.58264758083911,5.9091462047613845,185.52071143601074
39.73656884532855,52.73986271837809,3.8628282818294446,165.88465284516877
27.16497617722788,34.32893975308431,18.73593793262652,100.1221385565762
25.621701546137693,78.75693436773706,4.802381042047196,151.8362599661338
32.3753125693072,66.98939873754834,7.109457384685756,161.42225298455713
33.00771371867971,73.40380577665641,12.209966830372167,147.38552694624292
28.01649441879767,57.798116595157964,12.074924205448205,118.80821622125072
33.12024608637782,46.503661774930166,19.490766163507207,94.76819368223401
31.14995175878237,68.73932741312265,14.334807909000606,129.29547979056292
22.1518979090678,83.77110655265822,19.58481646979309,73.54934640875632
26.420296022863482,74.75942702549924,4.708182091530078,146.71604577113672
44.61458376382276,87.57840708126244,6.239368481039518,155.51106208452697
26.882245203201382,55.41117024421777,19.92456550138186,89.99079390225718
36.67379005346416,64.77749617223404,19.89158975693901,100.6728108361113
37.550273416914244,75.62924986377324,19.154556723199555,123.63687666422985
34.93039583982133,66.11402693387925,3.651186470181189,162.9072322690991
27.29417542740027,43.53954930997988,2.375421089334002,137.46208758679853
20.268681938637243,56.97879332756477,12.638197612917445,92.62277103852216
42.061976112620286,78.63646964434514,9.742617783149225,135.8960988757929
35.089802466595174,81.70362200924876,10.631330703388201,137.28561282302576
41.97254028200393,56.90420066921246,9.574504549666509,153.22156691500834
27.166987673770315,86.24367752375656,15.806964669585422,91.91308133878435
40.808558465434665,86.4843252946365,9.687233387466993,159.55541676846835
20.039486962711937,52.024145216819164,19.912291730516454,83.34209873387451
43.52716324274644,48.583010095882855,12.402860084884972,147.84574623083796
39.12536887612352,33.98908229114605,10.588090767166236,146.4864654507483
33.94127443355601,47.92352288267672,15.947510111847684,123.04001853156896
37.285976460956306,30.34768341757538,14.590233360804303,129.8012528394997
42.95562563164469,49.77988146392423,10.978708192358171,142.97512668621488
41.91986742891528,31.285965873877522,16.009142595785313,115.81230707047462
31.231980921125732,76.40425570575215,5.530110640303874,131.87362992133987
31.187212196247053,44.75163543111794,15.968171790402046,114.46990902128798
37.574262019819926,41.8251552866586,1.739112430999592,163.9311867466411
30.12512939422081,66.09500802438824,14.098062289924595,136.95607191866782
35.32997698585524,68.48717630303294,16.7462799166353,114.42111422180459
27.924783722218294,45.274860779947375,2.516878766276316,135.29893114560764
30.573948610821414,32.363346772763215,10.192263735817706,133.57110601418972
27.449666127275272,69.70988887486652,15.518331121992475,117.3443388885731
44.15373782640765,58.19874807919199,19.958779476524548,131.43113722324165
35.947873102201456,67.28074689199639,0.17066037294890535,182.3837650855562
26.22598680012767,39.78281613495999,10.742326989722653,134.2249926310874
41.28180793838912,51.494885282727935,14.84296146044944,155.03473149542992
33.35974795339533,83.94481561264104,12.771682234914037,144.40444920204854
34.931502661566654,61.88500000028728,2.3298263943055986,142.8735261402165
23.963549084800952,89.43625063570406,17.771970592476485,77.61118639217244
42.44990258428568,52.72217191310038,0.5647979707580042,178.20541125629734
22.489715766005652,35.37615049674615,5.526280005914015,131.40059151426925
36.21210834370527,39.51636492475742,18.610663822495983,101.59222521992258
37.47522984918375,52.62155697595994,14.059611721030382,144.77162453527635
20.386998269048107,73.73589254819734,17.17827379730348,93.23917514618577
40.57673683591142,54.657593655954,2.9212415767369815,183.38974894161188
33.394323581659364,60.592267823398714,2.3983673759230184,139.59354503554968
28.1592379123621,49.41986819697676,14.736388938806716,114.10930900830405
30.057735694670562,32.87461556212473,5.10801776219828,124.79141810274626
31.148037793910095,79.85509377176429,17.020755735798115,97.23380838042584
36.91252125014737,76.63393937723586,12.407234216664524,128.60333985030115
23.689545281248748,47.02072184043743,16.737115805786463,98.16774314513809
35.624239151853175,69.8269467871832,2.3647299226285456,183.1542885358207
42.89534986461575,30.341753287567226,15.094384862534085,143.50754514162924
39.65034901162093,47.67902140886301,17.284302480433638,128.44779058194095
39.04623572381158,61.666623690041604,5.102691566981328,156.78439674667916
42.535929393392266,87.82887035739388,15.532177522556722,123.47532621911438
35.940507565887785,70.2517354761438,16.088320317980994,138.61605417783258
33.99303626002936,32.90742265124105,17.866451600457047,103.38671771868758
42.92008650240244,50.85703138899433,0.2670006547633985,203.03917104051467
24.184986429845008,48.51679770642624,0.5403007355000478,132.74907065318988
37.958096097204155,70.00727911827295,19.812894477606065,122.47750876159013
24.958001988682998,36.77888144259456,2.0762770509578177,135.68717282449254
29.62798907169641,79.37625110786523,12.304716155293178,137.34182967751326
43.06974565003298,48.836092385706664,16.97843300267965,141.20419229202702
40.36668425815989,70.85313390241558,4.557810953903205,163.05993565461017
42.43378236048403,85.84108965820843,10.02660252200979,153.78775715493867
23.182100971355197,40.75298631803665,3.7105853334716765,125.23244594229536
37.594862004398635,33.43094406002694,1.3495587171307077,174.14104785740514
37.15139102654365,33.331396218717224,17.408864743664104,129.076187822095
38.30946142804939,56.71354566997914,8.545100842436549,161.98362032878913
24.10808073880998,79.60525271561252,19.4763909873982,105.78698851542535
26.583068140892998,44.60128270588269,6.831885518651475,121.67047972583157
42.73505692648941,86.88428268623466,3.5785714243777234,161.73439957984567
43.81655521661591,34.80830850590765,10.734759204073969,155.4288328210099
40.838722904136915,80.92628041205901,8.375234765770225,154.55174151096315
32.98097527155535,87.85653312329597,14.723487235967296,138.7914888352088
23.97549620116658,75.27471334727,9.818039288695386,111.49687453624699
26.726693429111343,57.239827872998205,11.465953317787225,110.05552690486103
40.22189531301705,50.00405666156433,7.68767401283085,141.38076858754158
30.582768857009313,54.54685700548701,11.210480941992667,129.5340948880406
44.48741487218479,67.22219872593612,16.407475437251783,158.75240343261422
30.092687858370116,59.30525534820055,10.753869536816758,134.92376710628994
38.71288341412645,39.3358385173972,8.902338629383259,140.71875094010312
44.52387964486503,51.40828843783979,17.90811698269726,143.3234083416383
22.59480444099631,49.1715097092391,6.393604643236898,140.00879495228193
20.642378113766444,86.62017605922509,0.6269905494482431,142.40378457918814
21.46174702929332,47.1697036867793,6.112512530489658,142.58595646711768
33.610527856616045,83.18944214668903,3.2944181883147983,147.3378011482877
36.047642970717135,48.81391278593581,3.458316930574812,176.72033514970983
31.679330607642697,53.75258960190284,2.533590716883547,158.75788906463475
30.31702135461015,72.95510960876032,15.356040369182747,129.56592160167207
37.62400899856659,40.19826831328672,15.732627801485437,138.05013459267684
34.00340631709426,79.50608779579537,9.118423202527229,129.65154302660684
26.900128414206687,42.64599534141254,9.773884282080644,140.47860398217145
38.478033881901354,86.67652915999028,12.380446974869146,124.81472683919526
22.283081328412823,51.625914637346085,3.9312064422207516,130.7725433301634
44.12161825575811,75.644277310709,7.261853461572445,185.45767612679887
39.16205657390089,82.91810617201159,0.9170113595301022,158.57307906921147
42.96984969901514,64.43056629211584,7.90971657669342,166.21054966795003
37.230217785393734,50.70961005241976,10.768667104757483,138.154434256515
36.01083984239595,74.50763378013987,7.067463543207333,154.81928905516992
31.89802274329365,55.118875730218136,5.157254485931022,145.32428202879424
20.812237980476084,82.5574378733458,15.794142633180503,91.24204806141066
24.303103987681887,82.06424886657175,4.243921323383821,132.8744440052123
42.84361708062737,57.082511241641434,2.908825094402514,159.9607588780472
25.15639231107935,85.9137096873826,18.397722443784854,98.11961729080413
43.44074003672983,44.185565468574765,10.09908831506688,148.58421512825902
30.913736933540825,46.26372622105507,19.20170441404798,84.22236062493772
35.148965697147666,45.89026667398643,8.756393321220209,124.02875143063471
33.84880822518509,57.4379379602721,18.16357952868971,96.20687786430103
25.05824289224581,59.24743199511044,0.7482792336795763,133.8716480834529
30.5633897786157,82.5902272529739,4.60020921707633,166.32615190600242
25.316276759924655,62.0704587351509,18.637610145797773,105.71972308245597
25.3768532071091,83.4681853393937,19.566617576809982,94.05385368378825
42.59552220539814,61.39460906987391,10.81799789243459,170.7370507334925
21.113767795105932,47.66720632498032,5.002518875240587,119.2199789644901
36.01960823226062,44.33407788824124,2.699586173142472,172.94045794509384
40.342231509062174,81.78287995256238,4.913340019279222,146.9444429602867
37.851861122867106,88.92463651626869,2.955453959215104,158.8373603680889
30.831353990697075,65.47905281968319,1.0021262370111872,155.65632927036057
23.931490802102715,51.368539455861445,15.405100696831727,84.64767951371024
22.67548499269036,35.92721488632468,9.87748347080743,122.71851957295843
31.00367949482986,35.844145739890145,18.945088641999636,111.17209306366082
33.57148279744307,44.62135148573586,6.424675139187965,138.86894017732223
23.348143776968797,37.506129994808795,13.785625718698327,119.33941039784261
31.168304796295693,74.18310321265119,9.439400187740754,135.01840902936914
38.55894897544522,44.141856315695264,5.561075666461486,165.43467095150598
36.0628058968767,48.119924776233844,0.6860128010459743,167.06757339061548
41.64422573151246,89.97947688378258,11.260878886913524,135.50581480228436
36.31924010670578,51.31804608246844,13.022589287767293,139.57071235010966
31.09502317210987,60.14327836329147,17.26350683048138,96.39952585277561
44.79222470241149,58.424894846407184,12.401663175738488,140.37945987760753
31.924388166847763,72.18503237528206,2.933745471878897,135.04753991805885
34.7542496844788,36.085944237608174,6.9752548340782505,146.58273486672283
33.22650065421654,83.51671871298028,9.494847288706405,145.96845944231387
32.19996623364227,71.01018162172501,6.665278747259049,136.4040962255074
32.844772375638,30.535782302588718,9.250948729849497,135.9366985617275
24.1260986000577,81.37466677020879,17.84471874366226,108.71804096912862
35.09499076112395,42.411880779337494,2.218646539889706,152.5340419025788
39.47778901856288,87.18091691269599,19.4388789605297,127.63894115553666
32.84006096059623,49.49650720672776,18.786014054250664,112.32207975844048
24.799202563371388,48.99112424363211,12.952935666968429,101.73959812583747
30.361472307679513,80.69236129449885,15.322925107610947,97.7541692925262
34.99400789382968,89.83206136746065,14.841968411626254,144.46211055278062
35.009699054230396,49.85456388420326,19.576000569672104,104.29139639944448
42.09631157193769,88.40055775177859,11.079038162521847,145.95550865630983
35.71575060194389,80.54324192369845,1.1979784132330962,183.83756596418849
43.83374782981603,43.715982889108446,11.590379507487887,139.89635713716842
44.968701190302994,55.057958297513125,6.465758736421807,185.54012617134057
42.10912788892051,58.16377314716611,15.148885353980697,134.77159971589893
44.99635327443356,44.089744086463696,6.333979804878453,169.99076713423176
44.50861153527099,38.2765810065086,12.375859443294283,133.88964474065912
24.824236484374982,81.64164720100982,16.006703935937594,95.62836116093717
20.912177068586164,76.91525968392943,19.619793806663704,99.96497271718121
30.257595229588325,61.109795521077146,13.788948415002986,123.1483452141677
33.50350512002494,31.120800277635617,13.804672534800877,126.59299263564725
36.61588734095044,57.80441014280588,10.277720596770461,160.3986128915895
34.75945929318618,41.17509731916929,13.85232084505889,126.9619560511957
29.890011786622523,62.03486233072747,18.361958893946944,100.69414689140422
31.494149502073235,59.74061106778416,19.979141115198452,122.05087565855112
43.27015868767516,69.86950356787304,15.856910194804891,140.96958679093564
36.03302229673059,35.032285045239306,5.936488938330218,170.25657777847053
22.39856033450972,59.778140630791825,7.310899330769858,116.86442267670988
25.432607684601876,31.179291591911074,17.213801555063984,112.2238107040118
30.878827133935417,88.89331601712024,3.68119828514317,161.71405941244132
34.720041354079925,37.05564592084591,1.6132554960736778,145.6003162199388
37.73412708693927,46.23288433824193,15.835877342422984,118.96062214660958
24.430578548988787,31.949633927963802,6.259656795983761,141.0821867100263
39.19736152734892,79.86457332525787,18.119080926302043,131.03748027579172
20.032296084498252,83.40993232737554,10.691963787258068,114.9887008072223
29.282913029020392,56.58914953340417,15.670690690694064,118.5537539859586
42.00753657866199,87.74757358743895,5.134097686855609,173.61278009675715
26.280423808012344,85.46000835504829,13.938854756560676,119.74428334634266
42.74777771901621,77.12006041487345,17.309349794870638,115.56750605342052
27.004643685802893,45.93493309551505,10.46420006132916,102.6166871876183
22.311201683306347,87.7120731094332,19.71924602566736,89.46466528961062
37.45327043292766,87.0400928933901,0.4929372316303904,154.42772917096417
40.20654686488304,88.84292982035419,7.132722877985412,153.01492509580984
22.845148381463684,32.87665295118384,0.5494522488723419,151.04194001631035
20.87550369065457,64.8811412010509,14.845418161612926,77.21475289647036
25.40169805273979,85.81358263867209,5.583700020699891,140.0522960433799
32.42954710571195,72.65210335811702,6.434012694053122,146.55705612926454
44.07159760660036,43.22741674786879,0.0723256692560903,171.92621820543246
36.14394378325319,48.68694710249422,2.466411483291484,148.88865311663193
29.432000410873453,51.5130711677908,19.853784924382943,96.30264604859809
40.42378162585351,67.05355190591312,8.39640189769529,158.65835755862116
26.681639545760177,76.6980826649021,19.919061828012012,81.60609360748433
25.493179325617604,74.75476427017709,13.578729863423247,109.25016906096548
43.11519203846598,48.44032105583421,11.415200763079556,166.9847817876933
24.34407496438014,30.723042665429677,4.666387692538974,115.68898685114337
23.126283371215017,87.3100069143363,2.408893590438208,132.0258859711154
42.63224355143312,76.07638406368648,13.126993189689776,163.88350753379692
31.453662386823673,77.55137573091591,2.2734507930492986,151.08697239449947
44.31445621848062,59.720859426239294,7.469626806531036,148.2200320173681
29.71836461311205,40.89393662057135,4.781128324994961,133.09334425123922
21.098659588238043,85.58264113728498,3.6089626996361446,114.37043107756764
40.364620789491354,86.20032773053762,15.134849002505035,142.3246945714676
42.86290141869549,31.8683513987133,18.0494316861532,129.57750777893136
22.508443152956584,69.71038834273872,18.97736454653851,74.08479266629764
40.35314973890231,53.46159123675403,9.122136678027683,156.33988944372157
36.24662236977285,31.384493223238927,5.6873457883713785,147.43120737443155
41.69928011805976,37.50934080610192,14.384228818959382,129.24587377924138
20.792956015602073,82.29506759371121,7.601087605592376,99.78264921442701
44.921898097271026,69.58333277758217,12.65443671901859,152.8804860374863
36.70877211590307,67.50953331523017,11.765668441852526,123.12053890624856
42.04091689350772,34.504441671431735,6.878545739299804,156.44619656911604
41.94518789350701,82.3462820100556,17.091468666733746,123.6159697868128
39.025699574680615,48.232567958448456,6.987564623219582,167.08870527970248
23.120238338975863,46.338529371248775,15.571031881934022,114.52738103214966
31.1045880544538,37.50158251614718,1.4970464359952373,146.71803680092188
39.1277279193758,84.25270031722876,5.948665227730423,176.40946015556034
26.33819337222137,40.94794413559443,5.156530951238542,156.2067938907271
30.10842545265662,64.93616618613811,19.505801631134556,115.69944601190957
31.85155114665915,87.19984923083621,13.598302264371295,121.90819550020441
31.00850947776943,68.02603205378239,3.2959581683336947,166.12914445053775
37.75738586787251,87.71432710286649,4.850053513030463,174.9646111966536
34.627380950728636,70.98443381172056,4.303926112266172,166.34298356465877
32.13615015074989,71.50815172240398,2.308049009495321,138.34815327301382
35.134525564032806,39.8064438675569,10.17168866837453,148.753985122942
20.892347731320072,70.76815660445168,18.384018734332926,76.63263925964137
20.86142082553529,75.17033396414045,17.255868765486493,70.9552353546111
28.16871888003002,57.069176684705454,1.8189128442976177,161.88069922716718
33.46672155927415,46.03117755657723,6.151680040279115,158.47840299771096
34.95034170858635,79.74065780330363,18.47025769800881,128.48991032314626
39.24714974258093,45.35940779234119,13.541693362890825,150.86921939648937
44.411179038991506,30.22318441302512,18.321628102878428,145.85747376934773
44.315571754619214,46.42233348057121,4.460682984805324,155.24909455482245
38.78591473337002,54.17242768832559,1.6666176144612121,188.5719766233564
27.929303141654547,79.13572293955446,16.062418314500068,106.67135133980888
37.329603974963405,71.3350398851056,6.929848646569869,145.8696620102172
32.303870908154224,85.9190843518951,19.309424875640936,122.67946718938563
29.354591770100605,70.80211859865763,18.204210971532117,84.09655062560485
24.4559184136307,59.93261866508403,11.933376171868911,112.11170831165467
43.9730670934383,53.11972793315568,16.440845564294634,123.62359749399269
27.256723642814016,42.49246218308862,18.562682890252024,91.82539861487197
40.38258131285794,41.25097188564439,8.74333206761311,135.53516642287656
29.9548422081063,37.311039962813496,7.913960229757224,130.16780372694092
20.289332597595735,52.72223660873273,5.024229569958245,126.50597648531672
35.23139138829677,78.76439527583132,12.79954899698117,137.06413578565002
42.49663873262706,59.91848292614251,14.580912336136464,136.25054045684473
26.343629276234825,81.10675617468127,8.678357811893356,135.65218511678958
25.60544889480184,56.01126021908513,12.70543546932483,95.09459138162919
32.6636344277008,44.6096663758796,5.481893032831062,133.8815897569084
32.16182054294167,81.13856932032651,16.36143287416153,133.23934246339874
28.270537346390242,40.92637893197001,15.281729889294036,94.69588502489837
29.406738464172427,59.983100398374646,5.959051009190295,151.93632390077397
21.698840700754413,54.278978683290276,15.20330369452634,83.78777031792981
42.76272920479591,82.22245499454708,6.028860272524772,155.4388775920175
39.08484692401015,36.41084906241868,18.58841513881333,131.4044484315803
35.192459675538124,37.019654238491995,9.990571001499921,159.4132063465765
20.86345758840438,55.94919239207759,9.729081479659143,96.53967073783132
23.16146261290013,58.64499787596466,17.326637753526217,81.34301196522159
40.99413965479205,61.12754915880032,14.928957824156441,149.20140583711478
30.955553108841187,86.96970195419927,6.540860350649245,135.28852516573465
35.73725772279405,84.09738133390884,19.677957868013902,127.44064184154641
37.08680634697657,36.750336498074105,19.164831556469462,104.67911802454476
32.525032859389086,59.75310787559964,12.992231860057027,133.0733701386071
26.789507444391326,61.60233057586311,13.982018505427794,110.63295937249926
43.71842171839964,45.542013746470246,11.694827284371021,152.35236158368622
28.065354463589863,54.82542923451475,17.105237454987126,96.81499656221837
28.551240825049412,36.110528473060974,4.198709445562557,128.50635331341113
20.772369646800854,62.69538656538886,6.0934070768617214,122.26451806301654
25.374343427266105,34.38604501868295,9.041385330181795,113.62453086398682
40.40628484509887,76.42668686934105,13.315762462562677,123.86528230250968
40.808264417370495,89.46794268434402,16.999389312958108,129.61836089586666
24.376454429780402,55.459353845720464,7.8403297139515775,106.23191971770609
33.22898301270247,50.430195582921456,10.528090375147073,125.87369489996371
36.65693709561928,35.15316942155244,4.481816213088363,172.86842555197344
42.75758496381164,89.55186501394,17.07713306929229,121.2837707197464
21.90263869672986,77.90489401356407,4.598153714282887,119.01081625061107
35.728378904108105,40.28234607382036,2.47966931635079,145.0177498591638
32.989436596278786,77.30553789867848,4.800556028220444,134.57720510789622
38.25962024755252,49.69287550143662,17.544163134276264,122.88675109227624
28.558613285118987,50.150287482422534,7.545808152556046,114.47980211256981
43.09657896843031,33.44845837999236,0.45605721243110464,164.8249862995673
37.62599632895159,82.69853990864935,0.7246445216383757,174.07805909298804
28.0429640845134,78.3090904043711,2.0469723529138673,161.9450111102852
37.59273062421509,45.224142990071186,7.299094521080587,170.28817768518843
23.18694604169611,81.97030013282968,15.012626804798895,119.33601166899552
37.21545143777448,81.76942285552744,2.1687588422504622,168.92462634879757
31.88315984018764,59.54484874250929,0.6590615971039449,156.78913488906346
22.67353002221129,53.43304241287858,18.983777422370448,100.39572777731122
21.091204583414285,45.83102987022013,13.215161109654526,100.53692583786498
33.9225870903022,80.2404362071222,14.184894100183286,135.29049188005456
28.74570882274704,39.1609490643952,15.568000003283329,128.78741763564412
22.132286471623118,36.871155347968696,5.054161210519624,122.10208931168737
32.67348352238638,68.44871022711678,2.896372968443386,171.6578481394426
41.74787694534195,50.66896553394591,1.5965816062366067,170.70600907197405
30.465971555078152,86.76526522648061,16.29541693166868,127.04569231515028
21.997194774224294,69.70600054926041,6.185299032322149,125.43849245148215
23.04019987018112,78.0723411840884,19.89906409498326,88.38320745541245
33.88611806561359,57.370883686894246,4.438989352886445,142.45526807256783
38.581266757149564,35.40384910426573,5.896085720337323,173.47427635328717
29.14848900444415,85.16986538263143,18.01076152090538,89.26469344617215
40.83287999434128,54.20956604662436,8.038993572132838,164.54877927228404
32.625131352942425,33.91600160317065,18.424960580613966,118.97538096404294
42.191029440320165,53.333057619283665,5.591214180749411,162.6084163383921
21.220934716868392,38.95708280512683,2.5173180001479567,137.8899154332929
34.19249597095694,70.23720390292816,11.640528699306147,131.46340584399545
42.4645738202756,71.44791428238315,12.933680575254925,138.12810591478643
42.783471570927915,56.59568874116591,5.999610194154674,153.5681125593918
29.3625833786459,54.964465005321,14.954968261003618,98.86026197428093
42.507685564564085,65.0226432997963,15.416024671846513,129.76729711358863
28.911150565706283,34.5085820393044,12.525600581152297,129.24549938795568
24.2677118139488,64.46552919632444,7.755951091038387,123.26757035478245
43.891331783548125,56.77616007303965,0.5707110874423327,190.07053030476925
38.60156630577194,33.558500746690264,5.652267603148111,147.24632980209955
43.967892331187535,72.64704101335374,3.6981729096330573,181.84126593347588
31.68704405309198,52.60190766058783,1.307745916019647,177.45085035812502
32.14448048762943,76.0799066155571,0.23553997249643022,156.58234105776958
21.515784574332567,69.83699381447703,4.869271216393964,122.42375549948326
28.425465973412024,40.91652904225044,14.540541275893364,132.22930811914398
41.44843863936282,50.956336392750345,9.849189146629003,172.34930983883862
21.18354971798325,89.99972214467891,2.64007816620093,124.44686493736373
21.29020486407824,32.60516754708727,9.12628218138079,116.20156318401413
34.68579881634157,42.83608976843069,10.760050932780734,127.0914448343409
34.440726942031276,88.61123973525585,2.828964876601674,149.39455925425753
21.411622458494197,42.412808215953234,11.130955194366132,123.43037933388999
40.83625884081976,80.82578588151452,15.713631634959516,142.53162277676097
32.29408040288952,77.69260004395102,10.58591914773836,116.83040336256397
29.460449550322338,45.60028325696759,9.9199586455366,132.16102316403487
21.535884676070083,35.95771624817344,10.861425106745257,90.48749403190439
35.863659430028406,85.26098556506436,6.887088316470498,160.0660539106453
22.316370115136834,60.02023324825522,19.890877184726598,65.96010867609388
22.577232096342318,35.29374654154849,8.749747712614333,109.90522105484163
25.86131899696995,78.45862530260132,19.285028397296852,95.86755280204933
32.83994506505642,89.2990273094654,12.340347586731168,111.65884736991933
39.54219006014756,35.92385783015898,18.20059402243578,107.48259805298778
40.155362498089175,57.514524409125585,2.1430367918596227,159.8816146205995
26.15932183012564,83.02863684538721,5.18909591796719,137.7513559063497
30.532472306634077,71.44106282042665,19.910993219928457,86.33196495348278
21.604635523659628,82.50800423545017,18.43973413068361,104.89006865526841
36.53709373111623,48.888773782708355,7.264413656479438,141.28094649279416
23.83139684994939,81.81965609914272,17.138085507789313,78.24853717653083
29.64329084466155,56.99890648042929,3.82018221737759,152.82603503719034
36.891881765155624,44.675757943090815,11.039276804166825,138.6659331178108
29.400851198442382,55.492175438714995,19.35969633699009,86.72261338591449
25.133688593395817,44.546107186641464,3.8231982392264863,148.79778246911218
20.38637249350402,35.52312880972067,14.30937745157026,105.84461263229724
32.55684850688199,33.74871791488975,2.778490366988564,146.7782259127983
38.71945313124348,54.96653664546935,3.7571322615250002,152.16750947791198
36.604353085020506,40.543603901139804,9.445790212028754,154.87133553395475
25.738513122476835,81.13965708677135,18.148776265871472,108.03069744733925
39.86893456913769,68.89124266645604,4.174758715806989,175.2135929908544
43.25601515412182,86.8073054092041,8.474973219810602,173.08711064881186
34.797338936083605,83.57091171222334,1.854120586900101,149.0323161114669
21.065493634723484,85.8181564918483,5.741136566742475,112.90757756921954
23.819040091555316,40.62745312533446,9.991672636814354,102.66306227266756
39.58726537297868,82.49446911108136,0.5710196521600919,196.4614717894771
27.379279545606135,86.02793388896058,17.758933709179825,113.4817579636728
38.73563843338235,57.25865026374741,10.282045577149583,158.62514013531595
33.5285427296342,81.03587692240585,7.4648660748086115,127.66248723484256
29.129331443188363,75.58421529741386,9.884603152037636,114.6048534302638
33.23680775091341,53.178543682546696,4.1480386747277675,134.02949947764353
44.42553679804419,81.29814561498708,2.557152317017657,162.17961664503542
44.39253642817047,48.22351329619556,7.929899636830839,149.99537394584843
33.752569363432315,58.81006898132419,10.8824121567868,134.85790225650422
41.10203993746198,84.4563971657027,13.130993487902998,146.81109941121497
44.764064065451905,55.61150717356858,9.188599872990917,162.96232851193105
21.52815065049417,43.19226278913275,9.988000266730047,129.0923005007982
43.45500682597734,59.55561784155436,5.339742397907276,168.89078645823284
28.017398238195387,89.13219918130531,12.13350392734094,113.63428469436795
39.116353317894806,36.7579943737816,4.869559258828817,154.62402885930317
27.833775969369544,55.83807482941904,0.29060394437997683,157.79574010559915
35.85098732076306,65.26405745635562,15.314572697526403,127.75825654894692
33.25014427581718,62.524504664610454,7.569375911276984,159.7921608178034
32.19519085117821,39.68684649941661,15.995177170244187,112.40485019162386
34.19538882156365,73.11935281774831,14.249381041327666,127.64263451914431
43.9167490717314,57.592336616412204,0.30451606699413825,202.9199499424804
41.23751688188291,38.196273537866944,9.035921503899626,162.36726925206693
27.030294976926182,53.81145148326108,16.678618476817693,100.02473452339929
21.622485652092486,53.606929192426,6.379861864544005,107.10538571055294
26.973459368156643,72.85453170452448,10.051986524715332,127.79095916216728
38.27158983608122,46.64362404208501,2.454547830236391,151.17953618145327
26.907856562117082,74.20650609012154,4.24672846888093,129.07552771759137
39.824346919351754,76.4160489653997,6.2060491819343095,180.03054629290057
33.86986116831397,53.11443529423691,15.08537187892933,126.48360669983995
24.267002743185174,41.194635294185474,11.668121122664425,107.52964211837707
21.659427765573728,82.72313808474127,7.936187536739643,101.51029292092852
41.20615332814964,43.28627583965455,4.520053353388733,187.85214659613308
30.27246214501697,77.49354590461931,10.813574910459495,132.10419955865547
33.36078380386965,72.547602406165,11.892649509705963,148.04361907862142
35.21305949728415,53.472778414215696,14.263290439864518,126.63624767497475
26.923339649997338,71.50065597393021,14.603257956495545,115.03690543050803
37.58524956970081,63.28898969749302,3.2622704705987537,181.38368772760535
42.44892925796056,32.07437791304994,14.616707836315381,156.04773500697496
31.1123196099594,71.96601813960369,7.249297561971786,151.47674653400344
34.840986382409135,57.78142309929471,12.896204396470733,129.9933595754061
37.89062983810579,54.460403861815365,19.952119790164964,99.92490030571668
25.84965155047057,54.66736168057063,19.318851494042587,87.74274861881338
41.814760229189325,47.20430537809608,18.291724680912466,119.75434641564124
22.102510728587788,40.24760623613565,7.948844574215985,110.35848773452761
20.106889668746682,54.08409360940078,17.424333656177275,95.94077836896153
30.858964371597317,50.384261680865954,15.288296673195816,116.8530387236072
29.338161900004664,79.72968540769273,0.33704591459483124,156.66518605622483
38.60961982216302,47.473855141774706,15.914104739461422,134.47692542594177
35.11574060797537,38.243752679189214,4.51058500160364,143.69972621113982
23.111065389269626,64.03355513638365,17.81864603208182,94.76619268229379
37.02463054950029,65.785082445558,14.48683273168853,140.588762903935
42.3523036868964,71.03822399502415,18.84420400201536,137.17199536774672
31.5890028731801,84.81733346780061,15.425206894142212,114.90238506393358
32.149982330874096,82.57904907694294,8.090598783548506,142.02816831110266
26.967487678082183,41.375902892331055,18.84731294547761,108.39303651973152
26.128563518758824,56.10246987305548,8.715980625310657,137.10918516158569
39.36842947359746,87.5605733992936,5.187489114919741,182.1743916024357
41.1146633748271,33.253804791007525,18.582513678719085,125.48178571349695
34.26147694670416,47.64850431447498,18.330957413610733,99.53008165257613
26.104039365196268,63.35571931849687,0.14962326046690455,133.75920894899184
33.66593459936649,45.55584038247396,5.54461043001242,156.69803790869574
37.5303896191396,71.71130304446018,7.811519391909596,153.6262210625504
41.940657221844205,84.91241939034494,6.667131750646607,174.8799191917486
23.022506919471912,32.11244511707824,3.9640643727306957,137.15282072075172
28.573102317651625,62.72706249872504,9.5725875986693,120.42844183929537
24.274317339515278,83.83260787462044,2.388334892855326,155.38363000046456
41.61733536056531,32.79529156537889,4.600878241865893,174.43203599553294
41.71969745467272,34.531248368757005,6.989272849871151,146.47157635973196
35.833446020917634,30.250826845866353,11.756066589286643,141.39869227397534
35.54983066319105,74.52499006591985,16.12639824646828,125.72046658697725
21.702977348511848,42.725402418668914,15.226410008280606,88.72672467218189
22.056456960400467,55.20991553355948,8.94746220960471,118.27052729198681
38.33309635313279,69.553371334442,13.667424097099726,144.6639204149664
22.92743838823738,43.55353391157991,17.443055473590753,102.5257103557025
42.40656644243936,85.67582644761414,9.43766957522813,146.5001241591943
31.917277800393258,39.26215569884205,18.58979036242721,117.0651845135049
42.63908597191252,80.47697288506205,17.509424033181727,142.74989984427987
43.2039603743807,55.331183537513716,14.54638180822541,153.76877532408517
28.823294318999608,47.9692155033897,15.772299512152948,90.3296901015404
22.552551071297437,89.02504534538099,19.238825876909075,67.38862451186766
26.673767734281835,63.407118022233654,11.249476557126975,101.59910579718274
41.42200912711222,49.321464210903756,5.350645764468462,168.79208096081905
25.83362243540663,54.318055427168815,13.405781551545441,102.44990021617693
41.304231277295976,47.141421565376625,15.206990234710219,136.98749185046128
33.26624344854763,61.13194988717779,15.296052457389742,129.64432952492604
38.00977693867882,54.140082181418904,12.147525270536148,128.5769780657492
35.924280243157504,86.88756565394596,15.024826179943712,119.77408194648389
32.649780367429344,87.76177455888646,8.910241916253774,126.56883498609736
35.03411603273804,85.53334822525568,17.77129154048025,106.75435744403534
37.79388599891432,71.44151151559748,8.07643942112472,162.35845373445449
44.114219325856254,77.32259162919789,9.824279113831052,165.75560131021936
36.12643255882844,30.29670956146721,7.987786145198363,133.28950668206178
29.855913304014166,32.02048451402759,12.216258260158856,103.06305182755176
37.8902971740619,89.85271132778516,13.46918659768759,138.37303455506103
25.747795679543223,64.30713344884266,11.730110984136353,117.30525840667741
44.26676821698697,64.41006570232628,18.83220729420749,135.0369145513515
39.945428687296726,40.24815692607988,18.89356763929229,106.21015445671658
27.321172468148042,86.6808727433008,7.336649150825463,112.63239748381969
23.72782021541984,80.48526076243078,8.047600911994666,122.31283769485569
